{
	"class_name" : "PinholeCameraParameters",
	"extrinsic" : 
	[
		-0.8599065080842242,
		-0.015293025692552264,
		0.51022242279182839,
		0.0,
		-0.14860823790770075,
		-0.94875347126644782,
		-0.27889503829547402,
		0.0,
		0.48834044372790236,
		-0.31564691369476849,
		0.81356661490907001,
		0.0,
		0.01670519932683967,
		0.0040576228706243889,
		2.1838219061829411,
		1.0
	],
	"intrinsic" : 
	{
		"height" : 836,
		"intrinsic_matrix" : 
		[
			723.9972375637908,
			0.0,
			0.0,
			0.0,
			723.9972375637908,
			0.0,
			719.5,
			417.5,
			1.0
		],
		"width" : 1440
	},
	"version_major" : 1,
	"version_minor" : 0
}