{
	"class_name" : "PinholeCameraParameters",
	"extrinsic" : 
	[
		-0.31998962437517514,
		0.90471268026072693,
		-0.28125007816476433,
		0.0,
		0.81728261547916858,
		0.11343544288696146,
		-0.56496152677201705,
		0.0,
		-0.47922412995149133,
		-0.41064262622442232,
		-0.77570411034088615,
		0.0,
		-0.00011313756659914187,
		-0.053664189327873757,
		2.2423338273961608,
		1.0
	],
	"intrinsic" : 
	{
		"height" : 836,
		"intrinsic_matrix" : 
		[
			723.9972375637908,
			0.0,
			0.0,
			0.0,
			723.9972375637908,
			0.0,
			719.5,
			417.5,
			1.0
		],
		"width" : 1440
	},
	"version_major" : 1,
	"version_minor" : 0
}