{
	"class_name" : "PinholeCameraParameters",
	"extrinsic" : 
	[
		-0.013379480468406131,
		-0.63318288438643877,
		0.773886570772788,
		0.0,
		-0.27950022174547617,
		-0.74073643083100504,
		-0.61089210674551486,
		0.0,
		0.96005240250031421,
		-0.22447488714734543,
		-0.16706408798290953,
		0.0,
		-0.0055015449936264282,
		-0.014998698884899769,
		2.0892035511376776,
		1.0
	],
	"intrinsic" : 
	{
		"height" : 836,
		"intrinsic_matrix" : 
		[
			723.9972375637908,
			0.0,
			0.0,
			0.0,
			723.9972375637908,
			0.0,
			719.5,
			417.5,
			1.0
		],
		"width" : 1440
	},
	"version_major" : 1,
	"version_minor" : 0
}