{
	"class_name" : "PinholeCameraParameters",
	"extrinsic" : 
	[
		-0.6980453012870429,
		-0.17501890143123358,
		0.69433503547846831,
		0.0,
		-0.17450037512745692,
		-0.89885586060063127,
		-0.40200467776417143,
		0.0,
		0.69446553293267088,
		-0.40177920056382033,
		0.59690124607244621,
		0.0,
		-0.0039175640821554891,
		-0.017785030891804221,
		2.0932525030424545,
		1.0
	],
	"intrinsic" : 
	{
		"height" : 836,
		"intrinsic_matrix" : 
		[
			723.9972375637908,
			0.0,
			0.0,
			0.0,
			723.9972375637908,
			0.0,
			719.5,
			417.5,
			1.0
		],
		"width" : 1440
	},
	"version_major" : 1,
	"version_minor" : 0
}