{
	"class_name" : "PinholeCameraParameters",
	"extrinsic" : 
	[
		-0.62841581768599464,
		0.039235097376238676,
		0.77688748684472964,
		0.0,
		-0.77282557816423592,
		0.082149751249503244,
		-0.62927898749661049,
		0.0,
		-0.08851093614439666,
		-0.99584739066963568,
		-0.021302316290035879,
		0.0,
		-0.077789801648283363,
		-0.14088692376305345,
		2.3459461482942765,
		1.0
	],
	"intrinsic" : 
	{
		"height" : 836,
		"intrinsic_matrix" : 
		[
			723.9972375637908,
			0.0,
			0.0,
			0.0,
			723.9972375637908,
			0.0,
			719.5,
			417.5,
			1.0
		],
		"width" : 1440
	},
	"version_major" : 1,
	"version_minor" : 0
}