{
	"class_name" : "PinholeCameraParameters",
	"extrinsic" : 
	[
		-0.90438575134894839,
		-0.23996859625157627,
		0.35284768040904879,
		0.0,
		0.078701305598250101,
		-0.90650798390681631,
		-0.4147883552009749,
		0.0,
		0.41939541873288161,
		-0.34735910514372198,
		0.83871874595696483,
		0.0,
		-0.00059233790111057338,
		-0.024258708985033017,
		1.8218819523212977,
		1.0
	],
	"intrinsic" : 
	{
		"height" : 1080,
		"intrinsic_matrix" : 
		[
			935.30743608719399,
			0.0,
			0.0,
			0.0,
			935.30743608719399,
			0.0,
			959.5,
			539.5,
			1.0
		],
		"width" : 1920
	},
	"version_major" : 1,
	"version_minor" : 0
}